Episode,Reward,Round,Accuracy
0,-3.4363919213320875,50,0.9851
1,-3.6853105294910526,50,0.9861
