Episode,Reward,Round,Accuracy
0,-18.74101090830866,200,0.9812
1,-16.781649012192585,200,0.9843
